date,usd_rub,source_url
2024-01-10,90.404,https://www.cbr.ru/scripts/XML_dynamic.asp?date_req1=01%2F01%2F2024&date_req2=31%2F12%2F2025&VAL_NM_RQ=R01235
2024-01-11,89.3939,https://www.cbr.ru/scripts/XML_dynamic.asp?date_req1=01%2F01%2F2024&date_req2=31%2F12%2F2025&VAL_NM_RQ=R01235
2024-01-12,88.7818,https://www.cbr.ru/scripts/XML_dynamic.asp?date_req1=01%2F01%2F2024&date_req2=31%2F12%2F2025&VAL_NM_RQ=R01235
2024-01-13,88.1324,https://www.cbr.ru/scripts/XML_dynamic.asp?date_req1=01%2F01%2F2024&date_req2=31%2F12%2F2025&VAL_NM_RQ=R01235
2024-01-16,87.6772,https://www.cbr.ru/scripts/XML_dynamic.asp?date_req1=01%2F01%2F2024&date_req2=31%2F12%2F2025&VAL_NM_RQ=R01235
2024-01-17,87.6457,https://www.cbr.ru/scripts/XML_dynamic.asp?date_req1=01%2F01%2F2024&date_req2=31%2F12%2F2025&VAL_NM_RQ=R01235
2024-01-18,88.354,https://www.cbr.ru/scripts/XML_dynamic.asp?date_req1=01%2F01%2F2024&date_req2=31%2F12%2F2025&VAL_NM_RQ=R01235
2024-01-19,88.661,https://www.cbr.ru/scripts/XML_dynamic.asp?date_req1=01%2F01%2F2024&date_req2=31%2F12%2F2025&VAL_NM_RQ=R01235
2024-01-20,88.5896,https://www.cbr.ru/scripts/XML_dynamic.asp?date_req1=01%2F01%2F2024&date_req2=31%2F12%2F2025&VAL_NM_RQ=R01235
2024-01-23,87.9724,https://www.cbr.ru/scripts/XML_dynamic.asp?date_req1=01%2F01%2F2024&date_req2=31%2F12%2F2025&VAL_NM_RQ=R01235
2024-01-24,87.9199,https://www.cbr.ru/scripts/XML_dynamic.asp?date_req1=01%2F01%2F2024&date_req2=31%2F12%2F2025&VAL_NM_RQ=R01235
2024-01-25,88.2829,https://www.cbr.ru/scripts/XML_dynamic.asp?date_req1=01%2F01%2F2024&date_req2=31%2F12%2F2025&VAL_NM_RQ=R01235
2024-01-26,88.6562,https://www.cbr.ru/scripts/XML_dynamic.asp?date_req1=01%2F01%2F2024&date_req2=31%2F12%2F2025&VAL_NM_RQ=R01235
2024-01-27,89.5159,https://www.cbr.ru/scripts/XML_dynamic.asp?date_req1=01%2F01%2F2024&date_req2=31%2F12%2F2025&VAL_NM_RQ=R01235
2024-01-30,89.609,https://www.cbr.ru/scripts/XML_dynamic.asp?date_req1=01%2F01%2F2024&date_req2=31%2F12%2F2025&VAL_NM_RQ=R01235
2024-01-31,89.2887,https://www.cbr.ru/scripts/XML_dynamic.asp?date_req1=01%2F01%2F2024&date_req2=31%2F12%2F2025&VAL_NM_RQ=R01235
2024-02-01,89.6678,https://www.cbr.ru/scripts/XML_dynamic.asp?date_req1=01%2F01%2F2024&date_req2=31%2F12%2F2025&VAL_NM_RQ=R01235
2024-02-02,90.2299,https://www.cbr.ru/scripts/XML_dynamic.asp?date_req1=01%2F01%2F2024&date_req2=31%2F12%2F2025&VAL_NM_RQ=R01235
2024-02-03,90.6626,https://www.cbr.ru/scripts/XML_dynamic.asp?date_req1=01%2F01%2F2024&date_req2=31%2F12%2F2025&VAL_NM_RQ=R01235
2024-02-06,91.2434,https://www.cbr.ru/scripts/XML_dynamic.asp?date_req1=01%2F01%2F2024&date_req2=31%2F12%2F2025&VAL_NM_RQ=R01235
2024-02-07,90.6842,https://www.cbr.ru/scripts/XML_dynamic.asp?date_req1=01%2F01%2F2024&date_req2=31%2F12%2F2025&VAL_NM_RQ=R01235
2024-02-08,91.1514,https://www.cbr.ru/scripts/XML_dynamic.asp?date_req1=01%2F01%2F2024&date_req2=31%2F12%2F2025&VAL_NM_RQ=R01235
2024-02-09,91.2561,https://www.cbr.ru/scripts/XML_dynamic.asp?date_req1=01%2F01%2F2024&date_req2=31%2F12%2F2025&VAL_NM_RQ=R01235
2024-02-10,90.8901,https://www.cbr.ru/scripts/XML_dynamic.asp?date_req1=01%2F01%2F2024&date_req2=31%2F12%2F2025&VAL_NM_RQ=R01235
2024-02-13,91.0758,https://www.cbr.ru/scripts/XML_dynamic.asp?date_req1=01%2F01%2F2024&date_req2=31%2F12%2F2025&VAL_NM_RQ=R01235
2024-02-14,91.2057,https://www.cbr.ru/scripts/XML_dynamic.asp?date_req1=01%2F01%2F2024&date_req2=31%2F12%2F2025&VAL_NM_RQ=R01235
2024-02-15,91.4316,https://www.cbr.ru/scripts/XML_dynamic.asp?date_req1=01%2F01%2F2024&date_req2=31%2F12%2F2025&VAL_NM_RQ=R01235
2024-02-16,91.8237,https://www.cbr.ru/scripts/XML_dynamic.asp?date_req1=01%2F01%2F2024&date_req2=31%2F12%2F2025&VAL_NM_RQ=R01235
2024-02-17,92.5492,https://www.cbr.ru/scripts/XML_dynamic.asp?date_req1=01%2F01%2F2024&date_req2=31%2F12%2F2025&VAL_NM_RQ=R01235
2024-02-20,92.4102,https://www.cbr.ru/scripts/XML_dynamic.asp?date_req1=01%2F01%2F2024&date_req2=31%2F12%2F2025&VAL_NM_RQ=R01235
2024-02-21,92.349,https://www.cbr.ru/scripts/XML_dynamic.asp?date_req1=01%2F01%2F2024&date_req2=31%2F12%2F2025&VAL_NM_RQ=R01235
2024-02-22,92.4387,https://www.cbr.ru/scripts/XML_dynamic.asp?date_req1=01%2F01%2F2024&date_req2=31%2F12%2F2025&VAL_NM_RQ=R01235
2024-02-23,92.7519,https://www.cbr.ru/scripts/XML_dynamic.asp?date_req1=01%2F01%2F2024&date_req2=31%2F12%2F2025&VAL_NM_RQ=R01235
2024-02-27,92.6321,https://www.cbr.ru/scripts/XML_dynamic.asp?date_req1=01%2F01%2F2024&date_req2=31%2F12%2F2025&VAL_NM_RQ=R01235
2024-02-28,92.0425,https://www.cbr.ru/scripts/XML_dynamic.asp?date_req1=01%2F01%2F2024&date_req2=31%2F12%2F2025&VAL_NM_RQ=R01235
2024-02-29,91.8692,https://www.cbr.ru/scripts/XML_dynamic.asp?date_req1=01%2F01%2F2024&date_req2=31%2F12%2F2025&VAL_NM_RQ=R01235
2024-03-01,90.8423,https://www.cbr.ru/scripts/XML_dynamic.asp?date_req1=01%2F01%2F2024&date_req2=31%2F12%2F2025&VAL_NM_RQ=R01235
2024-03-02,91.3336,https://www.cbr.ru/scripts/XML_dynamic.asp?date_req1=01%2F01%2F2024&date_req2=31%2F12%2F2025&VAL_NM_RQ=R01235
2024-03-05,91.3534,https://www.cbr.ru/scripts/XML_dynamic.asp?date_req1=01%2F01%2F2024&date_req2=31%2F12%2F2025&VAL_NM_RQ=R01235
2024-03-06,91.1604,https://www.cbr.ru/scripts/XML_dynamic.asp?date_req1=01%2F01%2F2024&date_req2=31%2F12%2F2025&VAL_NM_RQ=R01235
2024-03-07,90.3412,https://www.cbr.ru/scripts/XML_dynamic.asp?date_req1=01%2F01%2F2024&date_req2=31%2F12%2F2025&VAL_NM_RQ=R01235
2024-03-08,90.7493,https://www.cbr.ru/scripts/XML_dynamic.asp?date_req1=01%2F01%2F2024&date_req2=31%2F12%2F2025&VAL_NM_RQ=R01235
2024-03-12,90.6252,https://www.cbr.ru/scripts/XML_dynamic.asp?date_req1=01%2F01%2F2024&date_req2=31%2F12%2F2025&VAL_NM_RQ=R01235
2024-03-13,90.8818,https://www.cbr.ru/scripts/XML_dynamic.asp?date_req1=01%2F01%2F2024&date_req2=31%2F12%2F2025&VAL_NM_RQ=R01235
2024-03-14,91.5449,https://www.cbr.ru/scripts/XML_dynamic.asp?date_req1=01%2F01%2F2024&date_req2=31%2F12%2F2025&VAL_NM_RQ=R01235
2024-03-15,91.6359,https://www.cbr.ru/scripts/XML_dynamic.asp?date_req1=01%2F01%2F2024&date_req2=31%2F12%2F2025&VAL_NM_RQ=R01235
2024-03-16,91.87,https://www.cbr.ru/scripts/XML_dynamic.asp?date_req1=01%2F01%2F2024&date_req2=31%2F12%2F2025&VAL_NM_RQ=R01235
2024-03-19,91.9829,https://www.cbr.ru/scripts/XML_dynamic.asp?date_req1=01%2F01%2F2024&date_req2=31%2F12%2F2025&VAL_NM_RQ=R01235
2024-03-20,92.2243,https://www.cbr.ru/scripts/XML_dynamic.asp?date_req1=01%2F01%2F2024&date_req2=31%2F12%2F2025&VAL_NM_RQ=R01235
2024-03-21,92.6861,https://www.cbr.ru/scripts/XML_dynamic.asp?date_req1=01%2F01%2F2024&date_req2=31%2F12%2F2025&VAL_NM_RQ=R01235
2024-03-22,91.9499,https://www.cbr.ru/scripts/XML_dynamic.asp?date_req1=01%2F01%2F2024&date_req2=31%2F12%2F2025&VAL_NM_RQ=R01235
2024-03-23,92.6118,https://www.cbr.ru/scripts/XML_dynamic.asp?date_req1=01%2F01%2F2024&date_req2=31%2F12%2F2025&VAL_NM_RQ=R01235
2024-03-26,92.7761,https://www.cbr.ru/scripts/XML_dynamic.asp?date_req1=01%2F01%2F2024&date_req2=31%2F12%2F2025&VAL_NM_RQ=R01235
2024-03-27,92.5745,https://www.cbr.ru/scripts/XML_dynamic.asp?date_req1=01%2F01%2F2024&date_req2=31%2F12%2F2025&VAL_NM_RQ=R01235
2024-03-28,92.5919,https://www.cbr.ru/scripts/XML_dynamic.asp?date_req1=01%2F01%2F2024&date_req2=31%2F12%2F2025&VAL_NM_RQ=R01235
2024-03-29,92.2628,https://www.cbr.ru/scripts/XML_dynamic.asp?date_req1=01%2F01%2F2024&date_req2=31%2F12%2F2025&VAL_NM_RQ=R01235
2024-03-30,92.366,https://www.cbr.ru/scripts/XML_dynamic.asp?date_req1=01%2F01%2F2024&date_req2=31%2F12%2F2025&VAL_NM_RQ=R01235
2024-04-02,92.2914,https://www.cbr.ru/scripts/XML_dynamic.asp?date_req1=01%2F01%2F2024&date_req2=31%2F12%2F2025&VAL_NM_RQ=R01235
2024-04-03,92.5254,https://www.cbr.ru/scripts/XML_dynamic.asp?date_req1=01%2F01%2F2024&date_req2=31%2F12%2F2025&VAL_NM_RQ=R01235
2024-04-04,92.3892,https://www.cbr.ru/scripts/XML_dynamic.asp?date_req1=01%2F01%2F2024&date_req2=31%2F12%2F2025&VAL_NM_RQ=R01235
2024-04-05,92.3058,https://www.cbr.ru/scripts/XML_dynamic.asp?date_req1=01%2F01%2F2024&date_req2=31%2F12%2F2025&VAL_NM_RQ=R01235
2024-04-06,92.4155,https://www.cbr.ru/scripts/XML_dynamic.asp?date_req1=01%2F01%2F2024&date_req2=31%2F12%2F2025&VAL_NM_RQ=R01235
2024-04-09,92.581,https://www.cbr.ru/scripts/XML_dynamic.asp?date_req1=01%2F01%2F2024&date_req2=31%2F12%2F2025&VAL_NM_RQ=R01235
2024-04-10,92.7463,https://www.cbr.ru/scripts/XML_dynamic.asp?date_req1=01%2F01%2F2024&date_req2=31%2F12%2F2025&VAL_NM_RQ=R01235
2024-04-11,93.2198,https://www.cbr.ru/scripts/XML_dynamic.asp?date_req1=01%2F01%2F2024&date_req2=31%2F12%2F2025&VAL_NM_RQ=R01235
2024-04-12,93.7196,https://www.cbr.ru/scripts/XML_dynamic.asp?date_req1=01%2F01%2F2024&date_req2=31%2F12%2F2025&VAL_NM_RQ=R01235
2024-04-13,93.4419,https://www.cbr.ru/scripts/XML_dynamic.asp?date_req1=01%2F01%2F2024&date_req2=31%2F12%2F2025&VAL_NM_RQ=R01235
2024-04-16,93.5891,https://www.cbr.ru/scripts/XML_dynamic.asp?date_req1=01%2F01%2F2024&date_req2=31%2F12%2F2025&VAL_NM_RQ=R01235
2024-04-17,94.0742,https://www.cbr.ru/scripts/XML_dynamic.asp?date_req1=01%2F01%2F2024&date_req2=31%2F12%2F2025&VAL_NM_RQ=R01235
2024-04-18,94.3242,https://www.cbr.ru/scripts/XML_dynamic.asp?date_req1=01%2F01%2F2024&date_req2=31%2F12%2F2025&VAL_NM_RQ=R01235
2024-04-19,94.0922,https://www.cbr.ru/scripts/XML_dynamic.asp?date_req1=01%2F01%2F2024&date_req2=31%2F12%2F2025&VAL_NM_RQ=R01235
2024-04-20,93.4409,https://www.cbr.ru/scripts/XML_dynamic.asp?date_req1=01%2F01%2F2024&date_req2=31%2F12%2F2025&VAL_NM_RQ=R01235
2024-04-23,93.2519,https://www.cbr.ru/scripts/XML_dynamic.asp?date_req1=01%2F01%2F2024&date_req2=31%2F12%2F2025&VAL_NM_RQ=R01235
2024-04-24,93.2918,https://www.cbr.ru/scripts/XML_dynamic.asp?date_req1=01%2F01%2F2024&date_req2=31%2F12%2F2025&VAL_NM_RQ=R01235
2024-04-25,92.5058,https://www.cbr.ru/scripts/XML_dynamic.asp?date_req1=01%2F01%2F2024&date_req2=31%2F12%2F2025&VAL_NM_RQ=R01235
2024-04-26,92.1314,https://www.cbr.ru/scripts/XML_dynamic.asp?date_req1=01%2F01%2F2024&date_req2=31%2F12%2F2025&VAL_NM_RQ=R01235
2024-04-27,92.0134,https://www.cbr.ru/scripts/XML_dynamic.asp?date_req1=01%2F01%2F2024&date_req2=31%2F12%2F2025&VAL_NM_RQ=R01235
2024-04-28,91.7791,https://www.cbr.ru/scripts/XML_dynamic.asp?date_req1=01%2F01%2F2024&date_req2=31%2F12%2F2025&VAL_NM_RQ=R01235
2024-05-03,92.0538,https://www.cbr.ru/scripts/XML_dynamic.asp?date_req1=01%2F01%2F2024&date_req2=31%2F12%2F2025&VAL_NM_RQ=R01235
2024-05-04,91.6918,https://www.cbr.ru/scripts/XML_dynamic.asp?date_req1=01%2F01%2F2024&date_req2=31%2F12%2F2025&VAL_NM_RQ=R01235
2024-05-07,91.3124,https://www.cbr.ru/scripts/XML_dynamic.asp?date_req1=01%2F01%2F2024&date_req2=31%2F12%2F2025&VAL_NM_RQ=R01235
2024-05-08,91.1231,https://www.cbr.ru/scripts/XML_dynamic.asp?date_req1=01%2F01%2F2024&date_req2=31%2F12%2F2025&VAL_NM_RQ=R01235
2024-05-09,91.8239,https://www.cbr.ru/scripts/XML_dynamic.asp?date_req1=01%2F01%2F2024&date_req2=31%2F12%2F2025&VAL_NM_RQ=R01235
2024-05-14,91.633,https://www.cbr.ru/scripts/XML_dynamic.asp?date_req1=01%2F01%2F2024&date_req2=31%2F12%2F2025&VAL_NM_RQ=R01235
2024-05-15,91.3591,https://www.cbr.ru/scripts/XML_dynamic.asp?date_req1=01%2F01%2F2024&date_req2=31%2F12%2F2025&VAL_NM_RQ=R01235
2024-05-16,91.2573,https://www.cbr.ru/scripts/XML_dynamic.asp?date_req1=01%2F01%2F2024&date_req2=31%2F12%2F2025&VAL_NM_RQ=R01235
2024-05-17,90.9239,https://www.cbr.ru/scripts/XML_dynamic.asp?date_req1=01%2F01%2F2024&date_req2=31%2F12%2F2025&VAL_NM_RQ=R01235
2024-05-18,90.9873,https://www.cbr.ru/scripts/XML_dynamic.asp?date_req1=01%2F01%2F2024&date_req2=31%2F12%2F2025&VAL_NM_RQ=R01235
2024-05-21,90.6537,https://www.cbr.ru/scripts/XML_dynamic.asp?date_req1=01%2F01%2F2024&date_req2=31%2F12%2F2025&VAL_NM_RQ=R01235
2024-05-22,90.4082,https://www.cbr.ru/scripts/XML_dynamic.asp?date_req1=01%2F01%2F2024&date_req2=31%2F12%2F2025&VAL_NM_RQ=R01235
2024-05-23,90.1887,https://www.cbr.ru/scripts/XML_dynamic.asp?date_req1=01%2F01%2F2024&date_req2=31%2F12%2F2025&VAL_NM_RQ=R01235
2024-05-24,90.2486,https://www.cbr.ru/scripts/XML_dynamic.asp?date_req1=01%2F01%2F2024&date_req2=31%2F12%2F2025&VAL_NM_RQ=R01235
2024-05-25,89.7026,https://www.cbr.ru/scripts/XML_dynamic.asp?date_req1=01%2F01%2F2024&date_req2=31%2F12%2F2025&VAL_NM_RQ=R01235
2024-05-28,88.6852,https://www.cbr.ru/scripts/XML_dynamic.asp?date_req1=01%2F01%2F2024&date_req2=31%2F12%2F2025&VAL_NM_RQ=R01235
2024-05-29,88.4375,https://www.cbr.ru/scripts/XML_dynamic.asp?date_req1=01%2F01%2F2024&date_req2=31%2F12%2F2025&VAL_NM_RQ=R01235
2024-05-30,89.2589,https://www.cbr.ru/scripts/XML_dynamic.asp?date_req1=01%2F01%2F2024&date_req2=31%2F12%2F2025&VAL_NM_RQ=R01235
2024-05-31,89.7869,https://www.cbr.ru/scripts/XML_dynamic.asp?date_req1=01%2F01%2F2024&date_req2=31%2F12%2F2025&VAL_NM_RQ=R01235
2024-06-01,90.1915,https://www.cbr.ru/scripts/XML_dynamic.asp?date_req1=01%2F01%2F2024&date_req2=31%2F12%2F2025&VAL_NM_RQ=R01235
2024-06-04,89.3755,https://www.cbr.ru/scripts/XML_dynamic.asp?date_req1=01%2F01%2F2024&date_req2=31%2F12%2F2025&VAL_NM_RQ=R01235
2024-06-05,88.7574,https://www.cbr.ru/scripts/XML_dynamic.asp?date_req1=01%2F01%2F2024&date_req2=31%2F12%2F2025&VAL_NM_RQ=R01235
2024-06-06,88.7436,https://www.cbr.ru/scripts/XML_dynamic.asp?date_req1=01%2F01%2F2024&date_req2=31%2F12%2F2025&VAL_NM_RQ=R01235
2024-06-07,88.7604,https://www.cbr.ru/scripts/XML_dynamic.asp?date_req1=01%2F01%2F2024&date_req2=31%2F12%2F2025&VAL_NM_RQ=R01235
2024-06-08,88.7606,https://www.cbr.ru/scripts/XML_dynamic.asp?date_req1=01%2F01%2F2024&date_req2=31%2F12%2F2025&VAL_NM_RQ=R01235
2024-06-11,88.9944,https://www.cbr.ru/scripts/XML_dynamic.asp?date_req1=01%2F01%2F2024&date_req2=31%2F12%2F2025&VAL_NM_RQ=R01235
2024-06-12,89.0214,https://www.cbr.ru/scripts/XML_dynamic.asp?date_req1=01%2F01%2F2024&date_req2=31%2F12%2F2025&VAL_NM_RQ=R01235
2024-06-14,88.208,https://www.cbr.ru/scripts/XML_dynamic.asp?date_req1=01%2F01%2F2024&date_req2=31%2F12%2F2025&VAL_NM_RQ=R01235
2024-06-15,89.0658,https://www.cbr.ru/scripts/XML_dynamic.asp?date_req1=01%2F01%2F2024&date_req2=31%2F12%2F2025&VAL_NM_RQ=R01235
2024-06-18,89.0499,https://www.cbr.ru/scripts/XML_dynamic.asp?date_req1=01%2F01%2F2024&date_req2=31%2F12%2F2025&VAL_NM_RQ=R01235
2024-06-19,87.0354,https://www.cbr.ru/scripts/XML_dynamic.asp?date_req1=01%2F01%2F2024&date_req2=31%2F12%2F2025&VAL_NM_RQ=R01235
2024-06-20,82.6282,https://www.cbr.ru/scripts/XML_dynamic.asp?date_req1=01%2F01%2F2024&date_req2=31%2F12%2F2025&VAL_NM_RQ=R01235
2024-06-21,85.4176,https://www.cbr.ru/scripts/XML_dynamic.asp?date_req1=01%2F01%2F2024&date_req2=31%2F12%2F2025&VAL_NM_RQ=R01235
2024-06-22,87.9595,https://www.cbr.ru/scripts/XML_dynamic.asp?date_req1=01%2F01%2F2024&date_req2=31%2F12%2F2025&VAL_NM_RQ=R01235
2024-06-25,87.373,https://www.cbr.ru/scripts/XML_dynamic.asp?date_req1=01%2F01%2F2024&date_req2=31%2F12%2F2025&VAL_NM_RQ=R01235
2024-06-26,87.277,https://www.cbr.ru/scripts/XML_dynamic.asp?date_req1=01%2F01%2F2024&date_req2=31%2F12%2F2025&VAL_NM_RQ=R01235
2024-06-27,87.8064,https://www.cbr.ru/scripts/XML_dynamic.asp?date_req1=01%2F01%2F2024&date_req2=31%2F12%2F2025&VAL_NM_RQ=R01235
2024-06-28,84.964,https://www.cbr.ru/scripts/XML_dynamic.asp?date_req1=01%2F01%2F2024&date_req2=31%2F12%2F2025&VAL_NM_RQ=R01235
2024-06-29,85.748,https://www.cbr.ru/scripts/XML_dynamic.asp?date_req1=01%2F01%2F2024&date_req2=31%2F12%2F2025&VAL_NM_RQ=R01235
2024-07-02,87.2972,https://www.cbr.ru/scripts/XML_dynamic.asp?date_req1=01%2F01%2F2024&date_req2=31%2F12%2F2025&VAL_NM_RQ=R01235
2024-07-03,87.9921,https://www.cbr.ru/scripts/XML_dynamic.asp?date_req1=01%2F01%2F2024&date_req2=31%2F12%2F2025&VAL_NM_RQ=R01235
2024-07-04,87.9506,https://www.cbr.ru/scripts/XML_dynamic.asp?date_req1=01%2F01%2F2024&date_req2=31%2F12%2F2025&VAL_NM_RQ=R01235
2024-07-05,88.1205,https://www.cbr.ru/scripts/XML_dynamic.asp?date_req1=01%2F01%2F2024&date_req2=31%2F12%2F2025&VAL_NM_RQ=R01235
2024-07-06,88.1348,https://www.cbr.ru/scripts/XML_dynamic.asp?date_req1=01%2F01%2F2024&date_req2=31%2F12%2F2025&VAL_NM_RQ=R01235
2024-07-09,88.1688,https://www.cbr.ru/scripts/XML_dynamic.asp?date_req1=01%2F01%2F2024&date_req2=31%2F12%2F2025&VAL_NM_RQ=R01235
2024-07-10,88.0031,https://www.cbr.ru/scripts/XML_dynamic.asp?date_req1=01%2F01%2F2024&date_req2=31%2F12%2F2025&VAL_NM_RQ=R01235
2024-07-11,87.8551,https://www.cbr.ru/scripts/XML_dynamic.asp?date_req1=01%2F01%2F2024&date_req2=31%2F12%2F2025&VAL_NM_RQ=R01235
2024-07-12,87.988,https://www.cbr.ru/scripts/XML_dynamic.asp?date_req1=01%2F01%2F2024&date_req2=31%2F12%2F2025&VAL_NM_RQ=R01235
2024-07-13,87.7427,https://www.cbr.ru/scripts/XML_dynamic.asp?date_req1=01%2F01%2F2024&date_req2=31%2F12%2F2025&VAL_NM_RQ=R01235
2024-07-16,87.8077,https://www.cbr.ru/scripts/XML_dynamic.asp?date_req1=01%2F01%2F2024&date_req2=31%2F12%2F2025&VAL_NM_RQ=R01235
2024-07-17,88.2824,https://www.cbr.ru/scripts/XML_dynamic.asp?date_req1=01%2F01%2F2024&date_req2=31%2F12%2F2025&VAL_NM_RQ=R01235
2024-07-18,88.0872,https://www.cbr.ru/scripts/XML_dynamic.asp?date_req1=01%2F01%2F2024&date_req2=31%2F12%2F2025&VAL_NM_RQ=R01235
2024-07-19,87.8754,https://www.cbr.ru/scripts/XML_dynamic.asp?date_req1=01%2F01%2F2024&date_req2=31%2F12%2F2025&VAL_NM_RQ=R01235
2024-07-20,88.0206,https://www.cbr.ru/scripts/XML_dynamic.asp?date_req1=01%2F01%2F2024&date_req2=31%2F12%2F2025&VAL_NM_RQ=R01235
2024-07-23,87.7805,https://www.cbr.ru/scripts/XML_dynamic.asp?date_req1=01%2F01%2F2024&date_req2=31%2F12%2F2025&VAL_NM_RQ=R01235
2024-07-24,87.299,https://www.cbr.ru/scripts/XML_dynamic.asp?date_req1=01%2F01%2F2024&date_req2=31%2F12%2F2025&VAL_NM_RQ=R01235
2024-07-25,86.5502,https://www.cbr.ru/scripts/XML_dynamic.asp?date_req1=01%2F01%2F2024&date_req2=31%2F12%2F2025&VAL_NM_RQ=R01235
2024-07-26,85.41,https://www.cbr.ru/scripts/XML_dynamic.asp?date_req1=01%2F01%2F2024&date_req2=31%2F12%2F2025&VAL_NM_RQ=R01235
2024-07-27,85.565,https://www.cbr.ru/scripts/XML_dynamic.asp?date_req1=01%2F01%2F2024&date_req2=31%2F12%2F2025&VAL_NM_RQ=R01235
2024-07-30,86.5554,https://www.cbr.ru/scripts/XML_dynamic.asp?date_req1=01%2F01%2F2024&date_req2=31%2F12%2F2025&VAL_NM_RQ=R01235
2024-07-31,86.33,https://www.cbr.ru/scripts/XML_dynamic.asp?date_req1=01%2F01%2F2024&date_req2=31%2F12%2F2025&VAL_NM_RQ=R01235
2024-08-01,86.1091,https://www.cbr.ru/scripts/XML_dynamic.asp?date_req1=01%2F01%2F2024&date_req2=31%2F12%2F2025&VAL_NM_RQ=R01235
2024-08-02,85.7833,https://www.cbr.ru/scripts/XML_dynamic.asp?date_req1=01%2F01%2F2024&date_req2=31%2F12%2F2025&VAL_NM_RQ=R01235
2024-08-03,85.7024,https://www.cbr.ru/scripts/XML_dynamic.asp?date_req1=01%2F01%2F2024&date_req2=31%2F12%2F2025&VAL_NM_RQ=R01235
2024-08-06,84.9471,https://www.cbr.ru/scripts/XML_dynamic.asp?date_req1=01%2F01%2F2024&date_req2=31%2F12%2F2025&VAL_NM_RQ=R01235
2024-08-07,85.1646,https://www.cbr.ru/scripts/XML_dynamic.asp?date_req1=01%2F01%2F2024&date_req2=31%2F12%2F2025&VAL_NM_RQ=R01235
2024-08-08,85.9543,https://www.cbr.ru/scripts/XML_dynamic.asp?date_req1=01%2F01%2F2024&date_req2=31%2F12%2F2025&VAL_NM_RQ=R01235
2024-08-09,86.5621,https://www.cbr.ru/scripts/XML_dynamic.asp?date_req1=01%2F01%2F2024&date_req2=31%2F12%2F2025&VAL_NM_RQ=R01235
2024-08-10,87.992,https://www.cbr.ru/scripts/XML_dynamic.asp?date_req1=01%2F01%2F2024&date_req2=31%2F12%2F2025&VAL_NM_RQ=R01235
2024-08-13,89.9475,https://www.cbr.ru/scripts/XML_dynamic.asp?date_req1=01%2F01%2F2024&date_req2=31%2F12%2F2025&VAL_NM_RQ=R01235
2024-08-14,92.6592,https://www.cbr.ru/scripts/XML_dynamic.asp?date_req1=01%2F01%2F2024&date_req2=31%2F12%2F2025&VAL_NM_RQ=R01235
2024-08-15,90.0055,https://www.cbr.ru/scripts/XML_dynamic.asp?date_req1=01%2F01%2F2024&date_req2=31%2F12%2F2025&VAL_NM_RQ=R01235
2024-08-16,88.796,https://www.cbr.ru/scripts/XML_dynamic.asp?date_req1=01%2F01%2F2024&date_req2=31%2F12%2F2025&VAL_NM_RQ=R01235
2024-08-17,88.9062,https://www.cbr.ru/scripts/XML_dynamic.asp?date_req1=01%2F01%2F2024&date_req2=31%2F12%2F2025&VAL_NM_RQ=R01235
2024-08-20,89.5428,https://www.cbr.ru/scripts/XML_dynamic.asp?date_req1=01%2F01%2F2024&date_req2=31%2F12%2F2025&VAL_NM_RQ=R01235
2024-08-21,90.6944,https://www.cbr.ru/scripts/XML_dynamic.asp?date_req1=01%2F01%2F2024&date_req2=31%2F12%2F2025&VAL_NM_RQ=R01235
2024-08-22,91.6862,https://www.cbr.ru/scripts/XML_dynamic.asp?date_req1=01%2F01%2F2024&date_req2=31%2F12%2F2025&VAL_NM_RQ=R01235
2024-08-23,91.2881,https://www.cbr.ru/scripts/XML_dynamic.asp?date_req1=01%2F01%2F2024&date_req2=31%2F12%2F2025&VAL_NM_RQ=R01235
2024-08-24,91.6012,https://www.cbr.ru/scripts/XML_dynamic.asp?date_req1=01%2F01%2F2024&date_req2=31%2F12%2F2025&VAL_NM_RQ=R01235
2024-08-27,91.7745,https://www.cbr.ru/scripts/XML_dynamic.asp?date_req1=01%2F01%2F2024&date_req2=31%2F12%2F2025&VAL_NM_RQ=R01235
2024-08-28,91.4807,https://www.cbr.ru/scripts/XML_dynamic.asp?date_req1=01%2F01%2F2024&date_req2=31%2F12%2F2025&VAL_NM_RQ=R01235
2024-08-29,91.4449,https://www.cbr.ru/scripts/XML_dynamic.asp?date_req1=01%2F01%2F2024&date_req2=31%2F12%2F2025&VAL_NM_RQ=R01235
2024-08-30,91.4548,https://www.cbr.ru/scripts/XML_dynamic.asp?date_req1=01%2F01%2F2024&date_req2=31%2F12%2F2025&VAL_NM_RQ=R01235
2024-08-31,91.1868,https://www.cbr.ru/scripts/XML_dynamic.asp?date_req1=01%2F01%2F2024&date_req2=31%2F12%2F2025&VAL_NM_RQ=R01235
2024-09-03,90.0013,https://www.cbr.ru/scripts/XML_dynamic.asp?date_req1=01%2F01%2F2024&date_req2=31%2F12%2F2025&VAL_NM_RQ=R01235
2024-09-04,88.6118,https://www.cbr.ru/scripts/XML_dynamic.asp?date_req1=01%2F01%2F2024&date_req2=31%2F12%2F2025&VAL_NM_RQ=R01235
2024-09-05,88.9288,https://www.cbr.ru/scripts/XML_dynamic.asp?date_req1=01%2F01%2F2024&date_req2=31%2F12%2F2025&VAL_NM_RQ=R01235
2024-09-06,89.7044,https://www.cbr.ru/scripts/XML_dynamic.asp?date_req1=01%2F01%2F2024&date_req2=31%2F12%2F2025&VAL_NM_RQ=R01235
2024-09-07,89.8225,https://www.cbr.ru/scripts/XML_dynamic.asp?date_req1=01%2F01%2F2024&date_req2=31%2F12%2F2025&VAL_NM_RQ=R01235
2024-09-10,90.3853,https://www.cbr.ru/scripts/XML_dynamic.asp?date_req1=01%2F01%2F2024&date_req2=31%2F12%2F2025&VAL_NM_RQ=R01235
2024-09-11,91.1127,https://www.cbr.ru/scripts/XML_dynamic.asp?date_req1=01%2F01%2F2024&date_req2=31%2F12%2F2025&VAL_NM_RQ=R01235
2024-09-12,91.2653,https://www.cbr.ru/scripts/XML_dynamic.asp?date_req1=01%2F01%2F2024&date_req2=31%2F12%2F2025&VAL_NM_RQ=R01235
2024-09-13,91.1096,https://www.cbr.ru/scripts/XML_dynamic.asp?date_req1=01%2F01%2F2024&date_req2=31%2F12%2F2025&VAL_NM_RQ=R01235
2024-09-14,90.9345,https://www.cbr.ru/scripts/XML_dynamic.asp?date_req1=01%2F01%2F2024&date_req2=31%2F12%2F2025&VAL_NM_RQ=R01235
2024-09-17,91.1423,https://www.cbr.ru/scripts/XML_dynamic.asp?date_req1=01%2F01%2F2024&date_req2=31%2F12%2F2025&VAL_NM_RQ=R01235
2024-09-18,91.4292,https://www.cbr.ru/scripts/XML_dynamic.asp?date_req1=01%2F01%2F2024&date_req2=31%2F12%2F2025&VAL_NM_RQ=R01235
2024-09-19,91.6712,https://www.cbr.ru/scripts/XML_dynamic.asp?date_req1=01%2F01%2F2024&date_req2=31%2F12%2F2025&VAL_NM_RQ=R01235
2024-09-20,92.6962,https://www.cbr.ru/scripts/XML_dynamic.asp?date_req1=01%2F01%2F2024&date_req2=31%2F12%2F2025&VAL_NM_RQ=R01235
2024-09-21,92.5848,https://www.cbr.ru/scripts/XML_dynamic.asp?date_req1=01%2F01%2F2024&date_req2=31%2F12%2F2025&VAL_NM_RQ=R01235
2024-09-24,92.92,https://www.cbr.ru/scripts/XML_dynamic.asp?date_req1=01%2F01%2F2024&date_req2=31%2F12%2F2025&VAL_NM_RQ=R01235
2024-09-25,92.8622,https://www.cbr.ru/scripts/XML_dynamic.asp?date_req1=01%2F01%2F2024&date_req2=31%2F12%2F2025&VAL_NM_RQ=R01235
2024-09-26,92.388,https://www.cbr.ru/scripts/XML_dynamic.asp?date_req1=01%2F01%2F2024&date_req2=31%2F12%2F2025&VAL_NM_RQ=R01235
2024-09-27,92.4074,https://www.cbr.ru/scripts/XML_dynamic.asp?date_req1=01%2F01%2F2024&date_req2=31%2F12%2F2025&VAL_NM_RQ=R01235
2024-09-28,92.7126,https://www.cbr.ru/scripts/XML_dynamic.asp?date_req1=01%2F01%2F2024&date_req2=31%2F12%2F2025&VAL_NM_RQ=R01235
2024-10-01,93.2221,https://www.cbr.ru/scripts/XML_dynamic.asp?date_req1=01%2F01%2F2024&date_req2=31%2F12%2F2025&VAL_NM_RQ=R01235
2024-10-02,93.3581,https://www.cbr.ru/scripts/XML_dynamic.asp?date_req1=01%2F01%2F2024&date_req2=31%2F12%2F2025&VAL_NM_RQ=R01235
2024-10-03,94.5054,https://www.cbr.ru/scripts/XML_dynamic.asp?date_req1=01%2F01%2F2024&date_req2=31%2F12%2F2025&VAL_NM_RQ=R01235
2024-10-04,95.0262,https://www.cbr.ru/scripts/XML_dynamic.asp?date_req1=01%2F01%2F2024&date_req2=31%2F12%2F2025&VAL_NM_RQ=R01235
2024-10-05,94.87,https://www.cbr.ru/scripts/XML_dynamic.asp?date_req1=01%2F01%2F2024&date_req2=31%2F12%2F2025&VAL_NM_RQ=R01235
2024-10-08,96.0649,https://www.cbr.ru/scripts/XML_dynamic.asp?date_req1=01%2F01%2F2024&date_req2=31%2F12%2F2025&VAL_NM_RQ=R01235
2024-10-09,96.1079,https://www.cbr.ru/scripts/XML_dynamic.asp?date_req1=01%2F01%2F2024&date_req2=31%2F12%2F2025&VAL_NM_RQ=R01235
2024-10-10,96.9483,https://www.cbr.ru/scripts/XML_dynamic.asp?date_req1=01%2F01%2F2024&date_req2=31%2F12%2F2025&VAL_NM_RQ=R01235
2024-10-11,97.2394,https://www.cbr.ru/scripts/XML_dynamic.asp?date_req1=01%2F01%2F2024&date_req2=31%2F12%2F2025&VAL_NM_RQ=R01235
2024-10-12,96.0686,https://www.cbr.ru/scripts/XML_dynamic.asp?date_req1=01%2F01%2F2024&date_req2=31%2F12%2F2025&VAL_NM_RQ=R01235
2024-10-15,96.1021,https://www.cbr.ru/scripts/XML_dynamic.asp?date_req1=01%2F01%2F2024&date_req2=31%2F12%2F2025&VAL_NM_RQ=R01235
2024-10-16,97.0121,https://www.cbr.ru/scripts/XML_dynamic.asp?date_req1=01%2F01%2F2024&date_req2=31%2F12%2F2025&VAL_NM_RQ=R01235
2024-10-17,97.2568,https://www.cbr.ru/scripts/XML_dynamic.asp?date_req1=01%2F01%2F2024&date_req2=31%2F12%2F2025&VAL_NM_RQ=R01235
2024-10-18,97.149,https://www.cbr.ru/scripts/XML_dynamic.asp?date_req1=01%2F01%2F2024&date_req2=31%2F12%2F2025&VAL_NM_RQ=R01235
2024-10-19,96.4172,https://www.cbr.ru/scripts/XML_dynamic.asp?date_req1=01%2F01%2F2024&date_req2=31%2F12%2F2025&VAL_NM_RQ=R01235
2024-10-22,96.0924,https://www.cbr.ru/scripts/XML_dynamic.asp?date_req1=01%2F01%2F2024&date_req2=31%2F12%2F2025&VAL_NM_RQ=R01235
2024-10-23,96.5918,https://www.cbr.ru/scripts/XML_dynamic.asp?date_req1=01%2F01%2F2024&date_req2=31%2F12%2F2025&VAL_NM_RQ=R01235
2024-10-24,96.6379,https://www.cbr.ru/scripts/XML_dynamic.asp?date_req1=01%2F01%2F2024&date_req2=31%2F12%2F2025&VAL_NM_RQ=R01235
2024-10-25,96.7402,https://www.cbr.ru/scripts/XML_dynamic.asp?date_req1=01%2F01%2F2024&date_req2=31%2F12%2F2025&VAL_NM_RQ=R01235
2024-10-26,96.6657,https://www.cbr.ru/scripts/XML_dynamic.asp?date_req1=01%2F01%2F2024&date_req2=31%2F12%2F2025&VAL_NM_RQ=R01235
2024-10-29,97.23,https://www.cbr.ru/scripts/XML_dynamic.asp?date_req1=01%2F01%2F2024&date_req2=31%2F12%2F2025&VAL_NM_RQ=R01235
2024-10-30,97.3261,https://www.cbr.ru/scripts/XML_dynamic.asp?date_req1=01%2F01%2F2024&date_req2=31%2F12%2F2025&VAL_NM_RQ=R01235
2024-10-31,97.053,https://www.cbr.ru/scripts/XML_dynamic.asp?date_req1=01%2F01%2F2024&date_req2=31%2F12%2F2025&VAL_NM_RQ=R01235
2024-11-01,97.0226,https://www.cbr.ru/scripts/XML_dynamic.asp?date_req1=01%2F01%2F2024&date_req2=31%2F12%2F2025&VAL_NM_RQ=R01235
2024-11-02,97.4402,https://www.cbr.ru/scripts/XML_dynamic.asp?date_req1=01%2F01%2F2024&date_req2=31%2F12%2F2025&VAL_NM_RQ=R01235
2024-11-03,97.5499,https://www.cbr.ru/scripts/XML_dynamic.asp?date_req1=01%2F01%2F2024&date_req2=31%2F12%2F2025&VAL_NM_RQ=R01235
2024-11-06,98.0562,https://www.cbr.ru/scripts/XML_dynamic.asp?date_req1=01%2F01%2F2024&date_req2=31%2F12%2F2025&VAL_NM_RQ=R01235
2024-11-07,98.2236,https://www.cbr.ru/scripts/XML_dynamic.asp?date_req1=01%2F01%2F2024&date_req2=31%2F12%2F2025&VAL_NM_RQ=R01235
2024-11-08,98.0726,https://www.cbr.ru/scripts/XML_dynamic.asp?date_req1=01%2F01%2F2024&date_req2=31%2F12%2F2025&VAL_NM_RQ=R01235
2024-11-09,97.8335,https://www.cbr.ru/scripts/XML_dynamic.asp?date_req1=01%2F01%2F2024&date_req2=31%2F12%2F2025&VAL_NM_RQ=R01235
2024-11-12,97.955,https://www.cbr.ru/scripts/XML_dynamic.asp?date_req1=01%2F01%2F2024&date_req2=31%2F12%2F2025&VAL_NM_RQ=R01235
2024-11-13,97.9559,https://www.cbr.ru/scripts/XML_dynamic.asp?date_req1=01%2F01%2F2024&date_req2=31%2F12%2F2025&VAL_NM_RQ=R01235
2024-11-14,98.3657,https://www.cbr.ru/scripts/XML_dynamic.asp?date_req1=01%2F01%2F2024&date_req2=31%2F12%2F2025&VAL_NM_RQ=R01235
2024-11-15,99.018,https://www.cbr.ru/scripts/XML_dynamic.asp?date_req1=01%2F01%2F2024&date_req2=31%2F12%2F2025&VAL_NM_RQ=R01235
2024-11-16,99.9971,https://www.cbr.ru/scripts/XML_dynamic.asp?date_req1=01%2F01%2F2024&date_req2=31%2F12%2F2025&VAL_NM_RQ=R01235
2024-11-19,99.943,https://www.cbr.ru/scripts/XML_dynamic.asp?date_req1=01%2F01%2F2024&date_req2=31%2F12%2F2025&VAL_NM_RQ=R01235
2024-11-20,100.0348,https://www.cbr.ru/scripts/XML_dynamic.asp?date_req1=01%2F01%2F2024&date_req2=31%2F12%2F2025&VAL_NM_RQ=R01235
2024-11-21,100.2192,https://www.cbr.ru/scripts/XML_dynamic.asp?date_req1=01%2F01%2F2024&date_req2=31%2F12%2F2025&VAL_NM_RQ=R01235
2024-11-22,100.6798,https://www.cbr.ru/scripts/XML_dynamic.asp?date_req1=01%2F01%2F2024&date_req2=31%2F12%2F2025&VAL_NM_RQ=R01235
2024-11-23,102.5761,https://www.cbr.ru/scripts/XML_dynamic.asp?date_req1=01%2F01%2F2024&date_req2=31%2F12%2F2025&VAL_NM_RQ=R01235
2024-11-26,103.7908,https://www.cbr.ru/scripts/XML_dynamic.asp?date_req1=01%2F01%2F2024&date_req2=31%2F12%2F2025&VAL_NM_RQ=R01235
2024-11-27,105.0604,https://www.cbr.ru/scripts/XML_dynamic.asp?date_req1=01%2F01%2F2024&date_req2=31%2F12%2F2025&VAL_NM_RQ=R01235
2024-11-28,108.0104,https://www.cbr.ru/scripts/XML_dynamic.asp?date_req1=01%2F01%2F2024&date_req2=31%2F12%2F2025&VAL_NM_RQ=R01235
2024-11-29,109.5782,https://www.cbr.ru/scripts/XML_dynamic.asp?date_req1=01%2F01%2F2024&date_req2=31%2F12%2F2025&VAL_NM_RQ=R01235
2024-11-30,107.7409,https://www.cbr.ru/scripts/XML_dynamic.asp?date_req1=01%2F01%2F2024&date_req2=31%2F12%2F2025&VAL_NM_RQ=R01235
2024-12-03,107.1758,https://www.cbr.ru/scripts/XML_dynamic.asp?date_req1=01%2F01%2F2024&date_req2=31%2F12%2F2025&VAL_NM_RQ=R01235
2024-12-04,106.1878,https://www.cbr.ru/scripts/XML_dynamic.asp?date_req1=01%2F01%2F2024&date_req2=31%2F12%2F2025&VAL_NM_RQ=R01235
2024-12-05,104.2361,https://www.cbr.ru/scripts/XML_dynamic.asp?date_req1=01%2F01%2F2024&date_req2=31%2F12%2F2025&VAL_NM_RQ=R01235
2024-12-06,103.3837,https://www.cbr.ru/scripts/XML_dynamic.asp?date_req1=01%2F01%2F2024&date_req2=31%2F12%2F2025&VAL_NM_RQ=R01235
2024-12-07,99.4215,https://www.cbr.ru/scripts/XML_dynamic.asp?date_req1=01%2F01%2F2024&date_req2=31%2F12%2F2025&VAL_NM_RQ=R01235
2024-12-10,99.3759,https://www.cbr.ru/scripts/XML_dynamic.asp?date_req1=01%2F01%2F2024&date_req2=31%2F12%2F2025&VAL_NM_RQ=R01235
2024-12-11,100.0324,https://www.cbr.ru/scripts/XML_dynamic.asp?date_req1=01%2F01%2F2024&date_req2=31%2F12%2F2025&VAL_NM_RQ=R01235
2024-12-12,103.2707,https://www.cbr.ru/scripts/XML_dynamic.asp?date_req1=01%2F01%2F2024&date_req2=31%2F12%2F2025&VAL_NM_RQ=R01235
2024-12-13,103.95,https://www.cbr.ru/scripts/XML_dynamic.asp?date_req1=01%2F01%2F2024&date_req2=31%2F12%2F2025&VAL_NM_RQ=R01235
2024-12-14,103.4305,https://www.cbr.ru/scripts/XML_dynamic.asp?date_req1=01%2F01%2F2024&date_req2=31%2F12%2F2025&VAL_NM_RQ=R01235
2024-12-17,102.9125,https://www.cbr.ru/scripts/XML_dynamic.asp?date_req1=01%2F01%2F2024&date_req2=31%2F12%2F2025&VAL_NM_RQ=R01235
2024-12-18,102.9979,https://www.cbr.ru/scripts/XML_dynamic.asp?date_req1=01%2F01%2F2024&date_req2=31%2F12%2F2025&VAL_NM_RQ=R01235
2024-12-19,102.7763,https://www.cbr.ru/scripts/XML_dynamic.asp?date_req1=01%2F01%2F2024&date_req2=31%2F12%2F2025&VAL_NM_RQ=R01235
2024-12-20,103.4207,https://www.cbr.ru/scripts/XML_dynamic.asp?date_req1=01%2F01%2F2024&date_req2=31%2F12%2F2025&VAL_NM_RQ=R01235
2024-12-21,102.3438,https://www.cbr.ru/scripts/XML_dynamic.asp?date_req1=01%2F01%2F2024&date_req2=31%2F12%2F2025&VAL_NM_RQ=R01235
2024-12-24,101.6143,https://www.cbr.ru/scripts/XML_dynamic.asp?date_req1=01%2F01%2F2024&date_req2=31%2F12%2F2025&VAL_NM_RQ=R01235
2024-12-25,99.8729,https://www.cbr.ru/scripts/XML_dynamic.asp?date_req1=01%2F01%2F2024&date_req2=31%2F12%2F2025&VAL_NM_RQ=R01235
2024-12-26,99.6125,https://www.cbr.ru/scripts/XML_dynamic.asp?date_req1=01%2F01%2F2024&date_req2=31%2F12%2F2025&VAL_NM_RQ=R01235
2024-12-27,99.2295,https://www.cbr.ru/scripts/XML_dynamic.asp?date_req1=01%2F01%2F2024&date_req2=31%2F12%2F2025&VAL_NM_RQ=R01235
2024-12-28,100.5281,https://www.cbr.ru/scripts/XML_dynamic.asp?date_req1=01%2F01%2F2024&date_req2=31%2F12%2F2025&VAL_NM_RQ=R01235
2024-12-29,101.6797,https://www.cbr.ru/scripts/XML_dynamic.asp?date_req1=01%2F01%2F2024&date_req2=31%2F12%2F2025&VAL_NM_RQ=R01235
2025-01-10,102.2911,https://www.cbr.ru/scripts/XML_dynamic.asp?date_req1=01%2F01%2F2024&date_req2=31%2F12%2F2025&VAL_NM_RQ=R01235
2025-01-11,101.9146,https://www.cbr.ru/scripts/XML_dynamic.asp?date_req1=01%2F01%2F2024&date_req2=31%2F12%2F2025&VAL_NM_RQ=R01235
2025-01-14,102.7081,https://www.cbr.ru/scripts/XML_dynamic.asp?date_req1=01%2F01%2F2024&date_req2=31%2F12%2F2025&VAL_NM_RQ=R01235
2025-01-15,103.438,https://www.cbr.ru/scripts/XML_dynamic.asp?date_req1=01%2F01%2F2024&date_req2=31%2F12%2F2025&VAL_NM_RQ=R01235
2025-01-16,102.8078,https://www.cbr.ru/scripts/XML_dynamic.asp?date_req1=01%2F01%2F2024&date_req2=31%2F12%2F2025&VAL_NM_RQ=R01235
2025-01-17,102.3762,https://www.cbr.ru/scripts/XML_dynamic.asp?date_req1=01%2F01%2F2024&date_req2=31%2F12%2F2025&VAL_NM_RQ=R01235
2025-01-18,102.4137,https://www.cbr.ru/scripts/XML_dynamic.asp?date_req1=01%2F01%2F2024&date_req2=31%2F12%2F2025&VAL_NM_RQ=R01235
2025-01-21,101.9579,https://www.cbr.ru/scripts/XML_dynamic.asp?date_req1=01%2F01%2F2024&date_req2=31%2F12%2F2025&VAL_NM_RQ=R01235
2025-01-22,99.9282,https://www.cbr.ru/scripts/XML_dynamic.asp?date_req1=01%2F01%2F2024&date_req2=31%2F12%2F2025&VAL_NM_RQ=R01235
2025-01-23,98.2804,https://www.cbr.ru/scripts/XML_dynamic.asp?date_req1=01%2F01%2F2024&date_req2=31%2F12%2F2025&VAL_NM_RQ=R01235
2025-01-24,99.0978,https://www.cbr.ru/scripts/XML_dynamic.asp?date_req1=01%2F01%2F2024&date_req2=31%2F12%2F2025&VAL_NM_RQ=R01235
2025-01-25,98.2636,https://www.cbr.ru/scripts/XML_dynamic.asp?date_req1=01%2F01%2F2024&date_req2=31%2F12%2F2025&VAL_NM_RQ=R01235
2025-01-28,97.132,https://www.cbr.ru/scripts/XML_dynamic.asp?date_req1=01%2F01%2F2024&date_req2=31%2F12%2F2025&VAL_NM_RQ=R01235
2025-01-29,97.9658,https://www.cbr.ru/scripts/XML_dynamic.asp?date_req1=01%2F01%2F2024&date_req2=31%2F12%2F2025&VAL_NM_RQ=R01235
2025-01-30,98.0126,https://www.cbr.ru/scripts/XML_dynamic.asp?date_req1=01%2F01%2F2024&date_req2=31%2F12%2F2025&VAL_NM_RQ=R01235
2025-01-31,98.0062,https://www.cbr.ru/scripts/XML_dynamic.asp?date_req1=01%2F01%2F2024&date_req2=31%2F12%2F2025&VAL_NM_RQ=R01235
2025-02-01,97.8107,https://www.cbr.ru/scripts/XML_dynamic.asp?date_req1=01%2F01%2F2024&date_req2=31%2F12%2F2025&VAL_NM_RQ=R01235
2025-02-04,99.9433,https://www.cbr.ru/scripts/XML_dynamic.asp?date_req1=01%2F01%2F2024&date_req2=31%2F12%2F2025&VAL_NM_RQ=R01235
2025-02-05,98.5336,https://www.cbr.ru/scripts/XML_dynamic.asp?date_req1=01%2F01%2F2024&date_req2=31%2F12%2F2025&VAL_NM_RQ=R01235
2025-02-06,98.0556,https://www.cbr.ru/scripts/XML_dynamic.asp?date_req1=01%2F01%2F2024&date_req2=31%2F12%2F2025&VAL_NM_RQ=R01235
2025-02-07,96.9104,https://www.cbr.ru/scripts/XML_dynamic.asp?date_req1=01%2F01%2F2024&date_req2=31%2F12%2F2025&VAL_NM_RQ=R01235
2025-02-08,97.2762,https://www.cbr.ru/scripts/XML_dynamic.asp?date_req1=01%2F01%2F2024&date_req2=31%2F12%2F2025&VAL_NM_RQ=R01235
2025-02-11,96.7821,https://www.cbr.ru/scripts/XML_dynamic.asp?date_req1=01%2F01%2F2024&date_req2=31%2F12%2F2025&VAL_NM_RQ=R01235
2025-02-12,95.8024,https://www.cbr.ru/scripts/XML_dynamic.asp?date_req1=01%2F01%2F2024&date_req2=31%2F12%2F2025&VAL_NM_RQ=R01235
2025-02-13,94.0485,https://www.cbr.ru/scripts/XML_dynamic.asp?date_req1=01%2F01%2F2024&date_req2=31%2F12%2F2025&VAL_NM_RQ=R01235
2025-02-14,91.0313,https://www.cbr.ru/scripts/XML_dynamic.asp?date_req1=01%2F01%2F2024&date_req2=31%2F12%2F2025&VAL_NM_RQ=R01235
2025-02-15,90.3099,https://www.cbr.ru/scripts/XML_dynamic.asp?date_req1=01%2F01%2F2024&date_req2=31%2F12%2F2025&VAL_NM_RQ=R01235
2025-02-18,91.4347,https://www.cbr.ru/scripts/XML_dynamic.asp?date_req1=01%2F01%2F2024&date_req2=31%2F12%2F2025&VAL_NM_RQ=R01235
2025-02-19,91.3398,https://www.cbr.ru/scripts/XML_dynamic.asp?date_req1=01%2F01%2F2024&date_req2=31%2F12%2F2025&VAL_NM_RQ=R01235
2025-02-20,90.4268,https://www.cbr.ru/scripts/XML_dynamic.asp?date_req1=01%2F01%2F2024&date_req2=31%2F12%2F2025&VAL_NM_RQ=R01235
2025-02-21,88.5103,https://www.cbr.ru/scripts/XML_dynamic.asp?date_req1=01%2F01%2F2024&date_req2=31%2F12%2F2025&VAL_NM_RQ=R01235
2025-02-22,88.1676,https://www.cbr.ru/scripts/XML_dynamic.asp?date_req1=01%2F01%2F2024&date_req2=31%2F12%2F2025&VAL_NM_RQ=R01235
2025-02-25,88.2065,https://www.cbr.ru/scripts/XML_dynamic.asp?date_req1=01%2F01%2F2024&date_req2=31%2F12%2F2025&VAL_NM_RQ=R01235
2025-02-26,86.6318,https://www.cbr.ru/scripts/XML_dynamic.asp?date_req1=01%2F01%2F2024&date_req2=31%2F12%2F2025&VAL_NM_RQ=R01235
2025-02-27,85.9279,https://www.cbr.ru/scripts/XML_dynamic.asp?date_req1=01%2F01%2F2024&date_req2=31%2F12%2F2025&VAL_NM_RQ=R01235
2025-02-28,87.6967,https://www.cbr.ru/scripts/XML_dynamic.asp?date_req1=01%2F01%2F2024&date_req2=31%2F12%2F2025&VAL_NM_RQ=R01235
2025-03-01,88.2568,https://www.cbr.ru/scripts/XML_dynamic.asp?date_req1=01%2F01%2F2024&date_req2=31%2F12%2F2025&VAL_NM_RQ=R01235
2025-03-04,89.2497,https://www.cbr.ru/scripts/XML_dynamic.asp?date_req1=01%2F01%2F2024&date_req2=31%2F12%2F2025&VAL_NM_RQ=R01235
2025-03-05,89.2448,https://www.cbr.ru/scripts/XML_dynamic.asp?date_req1=01%2F01%2F2024&date_req2=31%2F12%2F2025&VAL_NM_RQ=R01235
2025-03-06,89.7878,https://www.cbr.ru/scripts/XML_dynamic.asp?date_req1=01%2F01%2F2024&date_req2=31%2F12%2F2025&VAL_NM_RQ=R01235
2025-03-07,89.5724,https://www.cbr.ru/scripts/XML_dynamic.asp?date_req1=01%2F01%2F2024&date_req2=31%2F12%2F2025&VAL_NM_RQ=R01235
2025-03-08,89.1362,https://www.cbr.ru/scripts/XML_dynamic.asp?date_req1=01%2F01%2F2024&date_req2=31%2F12%2F2025&VAL_NM_RQ=R01235
2025-03-11,88.3872,https://www.cbr.ru/scripts/XML_dynamic.asp?date_req1=01%2F01%2F2024&date_req2=31%2F12%2F2025&VAL_NM_RQ=R01235
2025-03-12,86.5669,https://www.cbr.ru/scripts/XML_dynamic.asp?date_req1=01%2F01%2F2024&date_req2=31%2F12%2F2025&VAL_NM_RQ=R01235
2025-03-13,86.6204,https://www.cbr.ru/scripts/XML_dynamic.asp?date_req1=01%2F01%2F2024&date_req2=31%2F12%2F2025&VAL_NM_RQ=R01235
2025-03-14,86.619,https://www.cbr.ru/scripts/XML_dynamic.asp?date_req1=01%2F01%2F2024&date_req2=31%2F12%2F2025&VAL_NM_RQ=R01235
2025-03-15,85.5694,https://www.cbr.ru/scripts/XML_dynamic.asp?date_req1=01%2F01%2F2024&date_req2=31%2F12%2F2025&VAL_NM_RQ=R01235
2025-03-18,84.3059,https://www.cbr.ru/scripts/XML_dynamic.asp?date_req1=01%2F01%2F2024&date_req2=31%2F12%2F2025&VAL_NM_RQ=R01235
2025-03-19,81.5018,https://www.cbr.ru/scripts/XML_dynamic.asp?date_req1=01%2F01%2F2024&date_req2=31%2F12%2F2025&VAL_NM_RQ=R01235
2025-03-20,82.8487,https://www.cbr.ru/scripts/XML_dynamic.asp?date_req1=01%2F01%2F2024&date_req2=31%2F12%2F2025&VAL_NM_RQ=R01235
2025-03-21,84.3955,https://www.cbr.ru/scripts/XML_dynamic.asp?date_req1=01%2F01%2F2024&date_req2=31%2F12%2F2025&VAL_NM_RQ=R01235
2025-03-22,84.64,https://www.cbr.ru/scripts/XML_dynamic.asp?date_req1=01%2F01%2F2024&date_req2=31%2F12%2F2025&VAL_NM_RQ=R01235
2025-03-25,83.8737,https://www.cbr.ru/scripts/XML_dynamic.asp?date_req1=01%2F01%2F2024&date_req2=31%2F12%2F2025&VAL_NM_RQ=R01235
2025-03-26,84.193,https://www.cbr.ru/scripts/XML_dynamic.asp?date_req1=01%2F01%2F2024&date_req2=31%2F12%2F2025&VAL_NM_RQ=R01235
2025-03-27,84.2065,https://www.cbr.ru/scripts/XML_dynamic.asp?date_req1=01%2F01%2F2024&date_req2=31%2F12%2F2025&VAL_NM_RQ=R01235
2025-03-28,83.8347,https://www.cbr.ru/scripts/XML_dynamic.asp?date_req1=01%2F01%2F2024&date_req2=31%2F12%2F2025&VAL_NM_RQ=R01235
2025-03-29,83.6813,https://www.cbr.ru/scripts/XML_dynamic.asp?date_req1=01%2F01%2F2024&date_req2=31%2F12%2F2025&VAL_NM_RQ=R01235
2025-04-01,85.4963,https://www.cbr.ru/scripts/XML_dynamic.asp?date_req1=01%2F01%2F2024&date_req2=31%2F12%2F2025&VAL_NM_RQ=R01235
2025-04-02,84.8707,https://www.cbr.ru/scripts/XML_dynamic.asp?date_req1=01%2F01%2F2024&date_req2=31%2F12%2F2025&VAL_NM_RQ=R01235
2025-04-03,84.5522,https://www.cbr.ru/scripts/XML_dynamic.asp?date_req1=01%2F01%2F2024&date_req2=31%2F12%2F2025&VAL_NM_RQ=R01235
2025-04-04,84.383,https://www.cbr.ru/scripts/XML_dynamic.asp?date_req1=01%2F01%2F2024&date_req2=31%2F12%2F2025&VAL_NM_RQ=R01235
2025-04-05,84.2774,https://www.cbr.ru/scripts/XML_dynamic.asp?date_req1=01%2F01%2F2024&date_req2=31%2F12%2F2025&VAL_NM_RQ=R01235
2025-04-08,86.1891,https://www.cbr.ru/scripts/XML_dynamic.asp?date_req1=01%2F01%2F2024&date_req2=31%2F12%2F2025&VAL_NM_RQ=R01235
2025-04-09,85.4641,https://www.cbr.ru/scripts/XML_dynamic.asp?date_req1=01%2F01%2F2024&date_req2=31%2F12%2F2025&VAL_NM_RQ=R01235
2025-04-10,86.0923,https://www.cbr.ru/scripts/XML_dynamic.asp?date_req1=01%2F01%2F2024&date_req2=31%2F12%2F2025&VAL_NM_RQ=R01235
2025-04-11,85.0159,https://www.cbr.ru/scripts/XML_dynamic.asp?date_req1=01%2F01%2F2024&date_req2=31%2F12%2F2025&VAL_NM_RQ=R01235
2025-04-12,84.004,https://www.cbr.ru/scripts/XML_dynamic.asp?date_req1=01%2F01%2F2024&date_req2=31%2F12%2F2025&VAL_NM_RQ=R01235
2025-04-15,82.7671,https://www.cbr.ru/scripts/XML_dynamic.asp?date_req1=01%2F01%2F2024&date_req2=31%2F12%2F2025&VAL_NM_RQ=R01235
2025-04-16,82.3003,https://www.cbr.ru/scripts/XML_dynamic.asp?date_req1=01%2F01%2F2024&date_req2=31%2F12%2F2025&VAL_NM_RQ=R01235
2025-04-17,82.5892,https://www.cbr.ru/scripts/XML_dynamic.asp?date_req1=01%2F01%2F2024&date_req2=31%2F12%2F2025&VAL_NM_RQ=R01235
2025-04-18,82.02,https://www.cbr.ru/scripts/XML_dynamic.asp?date_req1=01%2F01%2F2024&date_req2=31%2F12%2F2025&VAL_NM_RQ=R01235
2025-04-19,81.1371,https://www.cbr.ru/scripts/XML_dynamic.asp?date_req1=01%2F01%2F2024&date_req2=31%2F12%2F2025&VAL_NM_RQ=R01235
2025-04-22,80.7597,https://www.cbr.ru/scripts/XML_dynamic.asp?date_req1=01%2F01%2F2024&date_req2=31%2F12%2F2025&VAL_NM_RQ=R01235
2025-04-23,81.462,https://www.cbr.ru/scripts/XML_dynamic.asp?date_req1=01%2F01%2F2024&date_req2=31%2F12%2F2025&VAL_NM_RQ=R01235
2025-04-24,82.3637,https://www.cbr.ru/scripts/XML_dynamic.asp?date_req1=01%2F01%2F2024&date_req2=31%2F12%2F2025&VAL_NM_RQ=R01235
2025-04-25,82.8559,https://www.cbr.ru/scripts/XML_dynamic.asp?date_req1=01%2F01%2F2024&date_req2=31%2F12%2F2025&VAL_NM_RQ=R01235
2025-04-26,82.6549,https://www.cbr.ru/scripts/XML_dynamic.asp?date_req1=01%2F01%2F2024&date_req2=31%2F12%2F2025&VAL_NM_RQ=R01235
2025-04-29,82.5467,https://www.cbr.ru/scripts/XML_dynamic.asp?date_req1=01%2F01%2F2024&date_req2=31%2F12%2F2025&VAL_NM_RQ=R01235
2025-04-30,81.5616,https://www.cbr.ru/scripts/XML_dynamic.asp?date_req1=01%2F01%2F2024&date_req2=31%2F12%2F2025&VAL_NM_RQ=R01235
2025-05-01,81.4933,https://www.cbr.ru/scripts/XML_dynamic.asp?date_req1=01%2F01%2F2024&date_req2=31%2F12%2F2025&VAL_NM_RQ=R01235
2025-05-06,81.9137,https://www.cbr.ru/scripts/XML_dynamic.asp?date_req1=01%2F01%2F2024&date_req2=31%2F12%2F2025&VAL_NM_RQ=R01235
2025-05-07,80.9644,https://www.cbr.ru/scripts/XML_dynamic.asp?date_req1=01%2F01%2F2024&date_req2=31%2F12%2F2025&VAL_NM_RQ=R01235
2025-05-08,80.8612,https://www.cbr.ru/scripts/XML_dynamic.asp?date_req1=01%2F01%2F2024&date_req2=31%2F12%2F2025&VAL_NM_RQ=R01235
2025-05-13,80.8883,https://www.cbr.ru/scripts/XML_dynamic.asp?date_req1=01%2F01%2F2024&date_req2=31%2F12%2F2025&VAL_NM_RQ=R01235
2025-05-14,80.55,https://www.cbr.ru/scripts/XML_dynamic.asp?date_req1=01%2F01%2F2024&date_req2=31%2F12%2F2025&VAL_NM_RQ=R01235
2025-05-15,80.2237,https://www.cbr.ru/scripts/XML_dynamic.asp?date_req1=01%2F01%2F2024&date_req2=31%2F12%2F2025&VAL_NM_RQ=R01235
2025-05-16,80.3134,https://www.cbr.ru/scripts/XML_dynamic.asp?date_req1=01%2F01%2F2024&date_req2=31%2F12%2F2025&VAL_NM_RQ=R01235
2025-05-17,80.7689,https://www.cbr.ru/scripts/XML_dynamic.asp?date_req1=01%2F01%2F2024&date_req2=31%2F12%2F2025&VAL_NM_RQ=R01235
2025-05-20,80.4137,https://www.cbr.ru/scripts/XML_dynamic.asp?date_req1=01%2F01%2F2024&date_req2=31%2F12%2F2025&VAL_NM_RQ=R01235
2025-05-21,80.3075,https://www.cbr.ru/scripts/XML_dynamic.asp?date_req1=01%2F01%2F2024&date_req2=31%2F12%2F2025&VAL_NM_RQ=R01235
2025-05-22,79.753,https://www.cbr.ru/scripts/XML_dynamic.asp?date_req1=01%2F01%2F2024&date_req2=31%2F12%2F2025&VAL_NM_RQ=R01235
2025-05-23,79.7357,https://www.cbr.ru/scripts/XML_dynamic.asp?date_req1=01%2F01%2F2024&date_req2=31%2F12%2F2025&VAL_NM_RQ=R01235
2025-05-24,79.7108,https://www.cbr.ru/scripts/XML_dynamic.asp?date_req1=01%2F01%2F2024&date_req2=31%2F12%2F2025&VAL_NM_RQ=R01235
2025-05-27,79.6588,https://www.cbr.ru/scripts/XML_dynamic.asp?date_req1=01%2F01%2F2024&date_req2=31%2F12%2F2025&VAL_NM_RQ=R01235
2025-05-28,79.6176,https://www.cbr.ru/scripts/XML_dynamic.asp?date_req1=01%2F01%2F2024&date_req2=31%2F12%2F2025&VAL_NM_RQ=R01235
2025-05-29,79.6037,https://www.cbr.ru/scripts/XML_dynamic.asp?date_req1=01%2F01%2F2024&date_req2=31%2F12%2F2025&VAL_NM_RQ=R01235
2025-05-30,78.497,https://www.cbr.ru/scripts/XML_dynamic.asp?date_req1=01%2F01%2F2024&date_req2=31%2F12%2F2025&VAL_NM_RQ=R01235
2025-05-31,78.6171,https://www.cbr.ru/scripts/XML_dynamic.asp?date_req1=01%2F01%2F2024&date_req2=31%2F12%2F2025&VAL_NM_RQ=R01235
2025-06-03,79.1285,https://www.cbr.ru/scripts/XML_dynamic.asp?date_req1=01%2F01%2F2024&date_req2=31%2F12%2F2025&VAL_NM_RQ=R01235
2025-06-04,78.8549,https://www.cbr.ru/scripts/XML_dynamic.asp?date_req1=01%2F01%2F2024&date_req2=31%2F12%2F2025&VAL_NM_RQ=R01235
2025-06-05,78.5025,https://www.cbr.ru/scripts/XML_dynamic.asp?date_req1=01%2F01%2F2024&date_req2=31%2F12%2F2025&VAL_NM_RQ=R01235
2025-06-06,79.1272,https://www.cbr.ru/scripts/XML_dynamic.asp?date_req1=01%2F01%2F2024&date_req2=31%2F12%2F2025&VAL_NM_RQ=R01235
2025-06-07,79.1703,https://www.cbr.ru/scripts/XML_dynamic.asp?date_req1=01%2F01%2F2024&date_req2=31%2F12%2F2025&VAL_NM_RQ=R01235
2025-06-10,79.1543,https://www.cbr.ru/scripts/XML_dynamic.asp?date_req1=01%2F01%2F2024&date_req2=31%2F12%2F2025&VAL_NM_RQ=R01235
2025-06-11,78.6003,https://www.cbr.ru/scripts/XML_dynamic.asp?date_req1=01%2F01%2F2024&date_req2=31%2F12%2F2025&VAL_NM_RQ=R01235
2025-06-12,79.0028,https://www.cbr.ru/scripts/XML_dynamic.asp?date_req1=01%2F01%2F2024&date_req2=31%2F12%2F2025&VAL_NM_RQ=R01235
2025-06-17,78.5067,https://www.cbr.ru/scripts/XML_dynamic.asp?date_req1=01%2F01%2F2024&date_req2=31%2F12%2F2025&VAL_NM_RQ=R01235
2025-06-18,78.7135,https://www.cbr.ru/scripts/XML_dynamic.asp?date_req1=01%2F01%2F2024&date_req2=31%2F12%2F2025&VAL_NM_RQ=R01235
2025-06-19,78.7174,https://www.cbr.ru/scripts/XML_dynamic.asp?date_req1=01%2F01%2F2024&date_req2=31%2F12%2F2025&VAL_NM_RQ=R01235
2025-06-20,78.4839,https://www.cbr.ru/scripts/XML_dynamic.asp?date_req1=01%2F01%2F2024&date_req2=31%2F12%2F2025&VAL_NM_RQ=R01235
2025-06-21,78.5016,https://www.cbr.ru/scripts/XML_dynamic.asp?date_req1=01%2F01%2F2024&date_req2=31%2F12%2F2025&VAL_NM_RQ=R01235
2025-06-24,78.2923,https://www.cbr.ru/scripts/XML_dynamic.asp?date_req1=01%2F01%2F2024&date_req2=31%2F12%2F2025&VAL_NM_RQ=R01235
2025-06-25,78.3892,https://www.cbr.ru/scripts/XML_dynamic.asp?date_req1=01%2F01%2F2024&date_req2=31%2F12%2F2025&VAL_NM_RQ=R01235
2025-06-26,78.1959,https://www.cbr.ru/scripts/XML_dynamic.asp?date_req1=01%2F01%2F2024&date_req2=31%2F12%2F2025&VAL_NM_RQ=R01235
2025-06-27,78.2117,https://www.cbr.ru/scripts/XML_dynamic.asp?date_req1=01%2F01%2F2024&date_req2=31%2F12%2F2025&VAL_NM_RQ=R01235
2025-06-28,78.4685,https://www.cbr.ru/scripts/XML_dynamic.asp?date_req1=01%2F01%2F2024&date_req2=31%2F12%2F2025&VAL_NM_RQ=R01235
2025-07-01,78.5284,https://www.cbr.ru/scripts/XML_dynamic.asp?date_req1=01%2F01%2F2024&date_req2=31%2F12%2F2025&VAL_NM_RQ=R01235
2025-07-02,78.4181,https://www.cbr.ru/scripts/XML_dynamic.asp?date_req1=01%2F01%2F2024&date_req2=31%2F12%2F2025&VAL_NM_RQ=R01235
2025-07-03,78.654,https://www.cbr.ru/scripts/XML_dynamic.asp?date_req1=01%2F01%2F2024&date_req2=31%2F12%2F2025&VAL_NM_RQ=R01235
2025-07-04,78.7831,https://www.cbr.ru/scripts/XML_dynamic.asp?date_req1=01%2F01%2F2024&date_req2=31%2F12%2F2025&VAL_NM_RQ=R01235
2025-07-05,78.8354,https://www.cbr.ru/scripts/XML_dynamic.asp?date_req1=01%2F01%2F2024&date_req2=31%2F12%2F2025&VAL_NM_RQ=R01235
2025-07-08,78.7185,https://www.cbr.ru/scripts/XML_dynamic.asp?date_req1=01%2F01%2F2024&date_req2=31%2F12%2F2025&VAL_NM_RQ=R01235
2025-07-09,78.1682,https://www.cbr.ru/scripts/XML_dynamic.asp?date_req1=01%2F01%2F2024&date_req2=31%2F12%2F2025&VAL_NM_RQ=R01235
2025-07-10,78.1727,https://www.cbr.ru/scripts/XML_dynamic.asp?date_req1=01%2F01%2F2024&date_req2=31%2F12%2F2025&VAL_NM_RQ=R01235
2025-07-11,77.9029,https://www.cbr.ru/scripts/XML_dynamic.asp?date_req1=01%2F01%2F2024&date_req2=31%2F12%2F2025&VAL_NM_RQ=R01235
2025-07-12,77.8855,https://www.cbr.ru/scripts/XML_dynamic.asp?date_req1=01%2F01%2F2024&date_req2=31%2F12%2F2025&VAL_NM_RQ=R01235
2025-07-15,78.3722,https://www.cbr.ru/scripts/XML_dynamic.asp?date_req1=01%2F01%2F2024&date_req2=31%2F12%2F2025&VAL_NM_RQ=R01235
2025-07-16,77.9584,https://www.cbr.ru/scripts/XML_dynamic.asp?date_req1=01%2F01%2F2024&date_req2=31%2F12%2F2025&VAL_NM_RQ=R01235
2025-07-17,77.9585,https://www.cbr.ru/scripts/XML_dynamic.asp?date_req1=01%2F01%2F2024&date_req2=31%2F12%2F2025&VAL_NM_RQ=R01235
2025-07-18,78.1856,https://www.cbr.ru/scripts/XML_dynamic.asp?date_req1=01%2F01%2F2024&date_req2=31%2F12%2F2025&VAL_NM_RQ=R01235
2025-07-19,78.3129,https://www.cbr.ru/scripts/XML_dynamic.asp?date_req1=01%2F01%2F2024&date_req2=31%2F12%2F2025&VAL_NM_RQ=R01235
2025-07-22,78.3274,https://www.cbr.ru/scripts/XML_dynamic.asp?date_req1=01%2F01%2F2024&date_req2=31%2F12%2F2025&VAL_NM_RQ=R01235
2025-07-23,78.0882,https://www.cbr.ru/scripts/XML_dynamic.asp?date_req1=01%2F01%2F2024&date_req2=31%2F12%2F2025&VAL_NM_RQ=R01235
2025-07-24,78.4477,https://www.cbr.ru/scripts/XML_dynamic.asp?date_req1=01%2F01%2F2024&date_req2=31%2F12%2F2025&VAL_NM_RQ=R01235
2025-07-25,78.8623,https://www.cbr.ru/scripts/XML_dynamic.asp?date_req1=01%2F01%2F2024&date_req2=31%2F12%2F2025&VAL_NM_RQ=R01235
2025-07-26,79.5527,https://www.cbr.ru/scripts/XML_dynamic.asp?date_req1=01%2F01%2F2024&date_req2=31%2F12%2F2025&VAL_NM_RQ=R01235
2025-07-29,79.5782,https://www.cbr.ru/scripts/XML_dynamic.asp?date_req1=01%2F01%2F2024&date_req2=31%2F12%2F2025&VAL_NM_RQ=R01235
2025-07-30,82.2197,https://www.cbr.ru/scripts/XML_dynamic.asp?date_req1=01%2F01%2F2024&date_req2=31%2F12%2F2025&VAL_NM_RQ=R01235
2025-07-31,81.8347,https://www.cbr.ru/scripts/XML_dynamic.asp?date_req1=01%2F01%2F2024&date_req2=31%2F12%2F2025&VAL_NM_RQ=R01235
2025-08-01,80.3163,https://www.cbr.ru/scripts/XML_dynamic.asp?date_req1=01%2F01%2F2024&date_req2=31%2F12%2F2025&VAL_NM_RQ=R01235
2025-08-02,80.3289,https://www.cbr.ru/scripts/XML_dynamic.asp?date_req1=01%2F01%2F2024&date_req2=31%2F12%2F2025&VAL_NM_RQ=R01235
2025-08-05,79.6736,https://www.cbr.ru/scripts/XML_dynamic.asp?date_req1=01%2F01%2F2024&date_req2=31%2F12%2F2025&VAL_NM_RQ=R01235
2025-08-06,80.049,https://www.cbr.ru/scripts/XML_dynamic.asp?date_req1=01%2F01%2F2024&date_req2=31%2F12%2F2025&VAL_NM_RQ=R01235
2025-08-07,80.1914,https://www.cbr.ru/scripts/XML_dynamic.asp?date_req1=01%2F01%2F2024&date_req2=31%2F12%2F2025&VAL_NM_RQ=R01235
2025-08-08,79.3847,https://www.cbr.ru/scripts/XML_dynamic.asp?date_req1=01%2F01%2F2024&date_req2=31%2F12%2F2025&VAL_NM_RQ=R01235
2025-08-09,79.7796,https://www.cbr.ru/scripts/XML_dynamic.asp?date_req1=01%2F01%2F2024&date_req2=31%2F12%2F2025&VAL_NM_RQ=R01235
2025-08-12,79.6677,https://www.cbr.ru/scripts/XML_dynamic.asp?date_req1=01%2F01%2F2024&date_req2=31%2F12%2F2025&VAL_NM_RQ=R01235
2025-08-13,79.8714,https://www.cbr.ru/scripts/XML_dynamic.asp?date_req1=01%2F01%2F2024&date_req2=31%2F12%2F2025&VAL_NM_RQ=R01235
2025-08-14,79.6032,https://www.cbr.ru/scripts/XML_dynamic.asp?date_req1=01%2F01%2F2024&date_req2=31%2F12%2F2025&VAL_NM_RQ=R01235
2025-08-15,79.7653,https://www.cbr.ru/scripts/XML_dynamic.asp?date_req1=01%2F01%2F2024&date_req2=31%2F12%2F2025&VAL_NM_RQ=R01235
2025-08-16,80.0224,https://www.cbr.ru/scripts/XML_dynamic.asp?date_req1=01%2F01%2F2024&date_req2=31%2F12%2F2025&VAL_NM_RQ=R01235
2025-08-19,80.4256,https://www.cbr.ru/scripts/XML_dynamic.asp?date_req1=01%2F01%2F2024&date_req2=31%2F12%2F2025&VAL_NM_RQ=R01235
2025-08-20,80.3466,https://www.cbr.ru/scripts/XML_dynamic.asp?date_req1=01%2F01%2F2024&date_req2=31%2F12%2F2025&VAL_NM_RQ=R01235
2025-08-21,80.1045,https://www.cbr.ru/scripts/XML_dynamic.asp?date_req1=01%2F01%2F2024&date_req2=31%2F12%2F2025&VAL_NM_RQ=R01235
2025-08-22,80.2548,https://www.cbr.ru/scripts/XML_dynamic.asp?date_req1=01%2F01%2F2024&date_req2=31%2F12%2F2025&VAL_NM_RQ=R01235
2025-08-23,80.7498,https://www.cbr.ru/scripts/XML_dynamic.asp?date_req1=01%2F01%2F2024&date_req2=31%2F12%2F2025&VAL_NM_RQ=R01235
2025-08-26,80.6842,https://www.cbr.ru/scripts/XML_dynamic.asp?date_req1=01%2F01%2F2024&date_req2=31%2F12%2F2025&VAL_NM_RQ=R01235
2025-08-27,80.5268,https://www.cbr.ru/scripts/XML_dynamic.asp?date_req1=01%2F01%2F2024&date_req2=31%2F12%2F2025&VAL_NM_RQ=R01235
2025-08-28,80.4421,https://www.cbr.ru/scripts/XML_dynamic.asp?date_req1=01%2F01%2F2024&date_req2=31%2F12%2F2025&VAL_NM_RQ=R01235
2025-08-29,80.2918,https://www.cbr.ru/scripts/XML_dynamic.asp?date_req1=01%2F01%2F2024&date_req2=31%2F12%2F2025&VAL_NM_RQ=R01235
2025-08-30,80.3316,https://www.cbr.ru/scripts/XML_dynamic.asp?date_req1=01%2F01%2F2024&date_req2=31%2F12%2F2025&VAL_NM_RQ=R01235
2025-09-02,80.4261,https://www.cbr.ru/scripts/XML_dynamic.asp?date_req1=01%2F01%2F2024&date_req2=31%2F12%2F2025&VAL_NM_RQ=R01235
2025-09-03,80.5947,https://www.cbr.ru/scripts/XML_dynamic.asp?date_req1=01%2F01%2F2024&date_req2=31%2F12%2F2025&VAL_NM_RQ=R01235
2025-09-04,80.8488,https://www.cbr.ru/scripts/XML_dynamic.asp?date_req1=01%2F01%2F2024&date_req2=31%2F12%2F2025&VAL_NM_RQ=R01235
2025-09-05,81.2977,https://www.cbr.ru/scripts/XML_dynamic.asp?date_req1=01%2F01%2F2024&date_req2=31%2F12%2F2025&VAL_NM_RQ=R01235
2025-09-06,81.5556,https://www.cbr.ru/scripts/XML_dynamic.asp?date_req1=01%2F01%2F2024&date_req2=31%2F12%2F2025&VAL_NM_RQ=R01235
2025-09-09,82.3397,https://www.cbr.ru/scripts/XML_dynamic.asp?date_req1=01%2F01%2F2024&date_req2=31%2F12%2F2025&VAL_NM_RQ=R01235
2025-09-10,83.2425,https://www.cbr.ru/scripts/XML_dynamic.asp?date_req1=01%2F01%2F2024&date_req2=31%2F12%2F2025&VAL_NM_RQ=R01235
2025-09-11,84.9211,https://www.cbr.ru/scripts/XML_dynamic.asp?date_req1=01%2F01%2F2024&date_req2=31%2F12%2F2025&VAL_NM_RQ=R01235
2025-09-12,85.6647,https://www.cbr.ru/scripts/XML_dynamic.asp?date_req1=01%2F01%2F2024&date_req2=31%2F12%2F2025&VAL_NM_RQ=R01235
2025-09-13,84.3798,https://www.cbr.ru/scripts/XML_dynamic.asp?date_req1=01%2F01%2F2024&date_req2=31%2F12%2F2025&VAL_NM_RQ=R01235
2025-09-16,83.0718,https://www.cbr.ru/scripts/XML_dynamic.asp?date_req1=01%2F01%2F2024&date_req2=31%2F12%2F2025&VAL_NM_RQ=R01235
2025-09-17,82.8359,https://www.cbr.ru/scripts/XML_dynamic.asp?date_req1=01%2F01%2F2024&date_req2=31%2F12%2F2025&VAL_NM_RQ=R01235
2025-09-18,82.9987,https://www.cbr.ru/scripts/XML_dynamic.asp?date_req1=01%2F01%2F2024&date_req2=31%2F12%2F2025&VAL_NM_RQ=R01235
2025-09-19,83.1725,https://www.cbr.ru/scripts/XML_dynamic.asp?date_req1=01%2F01%2F2024&date_req2=31%2F12%2F2025&VAL_NM_RQ=R01235
2025-09-20,83.5904,https://www.cbr.ru/scripts/XML_dynamic.asp?date_req1=01%2F01%2F2024&date_req2=31%2F12%2F2025&VAL_NM_RQ=R01235
2025-09-23,84.0186,https://www.cbr.ru/scripts/XML_dynamic.asp?date_req1=01%2F01%2F2024&date_req2=31%2F12%2F2025&VAL_NM_RQ=R01235
2025-09-24,83.3506,https://www.cbr.ru/scripts/XML_dynamic.asp?date_req1=01%2F01%2F2024&date_req2=31%2F12%2F2025&VAL_NM_RQ=R01235
2025-09-25,83.9914,https://www.cbr.ru/scripts/XML_dynamic.asp?date_req1=01%2F01%2F2024&date_req2=31%2F12%2F2025&VAL_NM_RQ=R01235
2025-09-26,83.6069,https://www.cbr.ru/scripts/XML_dynamic.asp?date_req1=01%2F01%2F2024&date_req2=31%2F12%2F2025&VAL_NM_RQ=R01235
2025-09-27,83.6118,https://www.cbr.ru/scripts/XML_dynamic.asp?date_req1=01%2F01%2F2024&date_req2=31%2F12%2F2025&VAL_NM_RQ=R01235
2025-09-30,82.8676,https://www.cbr.ru/scripts/XML_dynamic.asp?date_req1=01%2F01%2F2024&date_req2=31%2F12%2F2025&VAL_NM_RQ=R01235
2025-10-01,82.6084,https://www.cbr.ru/scripts/XML_dynamic.asp?date_req1=01%2F01%2F2024&date_req2=31%2F12%2F2025&VAL_NM_RQ=R01235
2025-10-02,81.4967,https://www.cbr.ru/scripts/XML_dynamic.asp?date_req1=01%2F01%2F2024&date_req2=31%2F12%2F2025&VAL_NM_RQ=R01235
2025-10-03,81.0085,https://www.cbr.ru/scripts/XML_dynamic.asp?date_req1=01%2F01%2F2024&date_req2=31%2F12%2F2025&VAL_NM_RQ=R01235
2025-10-04,81.8969,https://www.cbr.ru/scripts/XML_dynamic.asp?date_req1=01%2F01%2F2024&date_req2=31%2F12%2F2025&VAL_NM_RQ=R01235
2025-10-07,83.0,https://www.cbr.ru/scripts/XML_dynamic.asp?date_req1=01%2F01%2F2024&date_req2=31%2F12%2F2025&VAL_NM_RQ=R01235
2025-10-08,81.9349,https://www.cbr.ru/scripts/XML_dynamic.asp?date_req1=01%2F01%2F2024&date_req2=31%2F12%2F2025&VAL_NM_RQ=R01235
2025-10-09,81.5478,https://www.cbr.ru/scripts/XML_dynamic.asp?date_req1=01%2F01%2F2024&date_req2=31%2F12%2F2025&VAL_NM_RQ=R01235
2025-10-10,81.4103,https://www.cbr.ru/scripts/XML_dynamic.asp?date_req1=01%2F01%2F2024&date_req2=31%2F12%2F2025&VAL_NM_RQ=R01235
2025-10-11,81.1898,https://www.cbr.ru/scripts/XML_dynamic.asp?date_req1=01%2F01%2F2024&date_req2=31%2F12%2F2025&VAL_NM_RQ=R01235
2025-10-14,80.8548,https://www.cbr.ru/scripts/XML_dynamic.asp?date_req1=01%2F01%2F2024&date_req2=31%2F12%2F2025&VAL_NM_RQ=R01235
2025-10-15,79.9589,https://www.cbr.ru/scripts/XML_dynamic.asp?date_req1=01%2F01%2F2024&date_req2=31%2F12%2F2025&VAL_NM_RQ=R01235
2025-10-16,78.839,https://www.cbr.ru/scripts/XML_dynamic.asp?date_req1=01%2F01%2F2024&date_req2=31%2F12%2F2025&VAL_NM_RQ=R01235
2025-10-17,79.0839,https://www.cbr.ru/scripts/XML_dynamic.asp?date_req1=01%2F01%2F2024&date_req2=31%2F12%2F2025&VAL_NM_RQ=R01235
2025-10-18,80.9834,https://www.cbr.ru/scripts/XML_dynamic.asp?date_req1=01%2F01%2F2024&date_req2=31%2F12%2F2025&VAL_NM_RQ=R01235
2025-10-21,81.3582,https://www.cbr.ru/scripts/XML_dynamic.asp?date_req1=01%2F01%2F2024&date_req2=31%2F12%2F2025&VAL_NM_RQ=R01235
2025-10-22,81.3475,https://www.cbr.ru/scripts/XML_dynamic.asp?date_req1=01%2F01%2F2024&date_req2=31%2F12%2F2025&VAL_NM_RQ=R01235
2025-10-23,81.6549,https://www.cbr.ru/scripts/XML_dynamic.asp?date_req1=01%2F01%2F2024&date_req2=31%2F12%2F2025&VAL_NM_RQ=R01235
2025-10-24,81.269,https://www.cbr.ru/scripts/XML_dynamic.asp?date_req1=01%2F01%2F2024&date_req2=31%2F12%2F2025&VAL_NM_RQ=R01235
2025-10-25,80.9713,https://www.cbr.ru/scripts/XML_dynamic.asp?date_req1=01%2F01%2F2024&date_req2=31%2F12%2F2025&VAL_NM_RQ=R01235
2025-10-28,78.9848,https://www.cbr.ru/scripts/XML_dynamic.asp?date_req1=01%2F01%2F2024&date_req2=31%2F12%2F2025&VAL_NM_RQ=R01235
2025-10-29,79.8174,https://www.cbr.ru/scripts/XML_dynamic.asp?date_req1=01%2F01%2F2024&date_req2=31%2F12%2F2025&VAL_NM_RQ=R01235
2025-10-30,79.4715,https://www.cbr.ru/scripts/XML_dynamic.asp?date_req1=01%2F01%2F2024&date_req2=31%2F12%2F2025&VAL_NM_RQ=R01235
2025-10-31,80.5037,https://www.cbr.ru/scripts/XML_dynamic.asp?date_req1=01%2F01%2F2024&date_req2=31%2F12%2F2025&VAL_NM_RQ=R01235
2025-11-01,80.9756,https://www.cbr.ru/scripts/XML_dynamic.asp?date_req1=01%2F01%2F2024&date_req2=31%2F12%2F2025&VAL_NM_RQ=R01235
2025-11-02,80.8861,https://www.cbr.ru/scripts/XML_dynamic.asp?date_req1=01%2F01%2F2024&date_req2=31%2F12%2F2025&VAL_NM_RQ=R01235
2025-11-06,81.1885,https://www.cbr.ru/scripts/XML_dynamic.asp?date_req1=01%2F01%2F2024&date_req2=31%2F12%2F2025&VAL_NM_RQ=R01235
2025-11-07,81.3765,https://www.cbr.ru/scripts/XML_dynamic.asp?date_req1=01%2F01%2F2024&date_req2=31%2F12%2F2025&VAL_NM_RQ=R01235
2025-11-08,81.2257,https://www.cbr.ru/scripts/XML_dynamic.asp?date_req1=01%2F01%2F2024&date_req2=31%2F12%2F2025&VAL_NM_RQ=R01235
2025-11-11,81.0132,https://www.cbr.ru/scripts/XML_dynamic.asp?date_req1=01%2F01%2F2024&date_req2=31%2F12%2F2025&VAL_NM_RQ=R01235
2025-11-12,81.3562,https://www.cbr.ru/scripts/XML_dynamic.asp?date_req1=01%2F01%2F2024&date_req2=31%2F12%2F2025&VAL_NM_RQ=R01235
2025-11-13,81.2852,https://www.cbr.ru/scripts/XML_dynamic.asp?date_req1=01%2F01%2F2024&date_req2=31%2F12%2F2025&VAL_NM_RQ=R01235
2025-11-14,80.601,https://www.cbr.ru/scripts/XML_dynamic.asp?date_req1=01%2F01%2F2024&date_req2=31%2F12%2F2025&VAL_NM_RQ=R01235
2025-11-15,81.1276,https://www.cbr.ru/scripts/XML_dynamic.asp?date_req1=01%2F01%2F2024&date_req2=31%2F12%2F2025&VAL_NM_RQ=R01235
2025-11-18,81.1302,https://www.cbr.ru/scripts/XML_dynamic.asp?date_req1=01%2F01%2F2024&date_req2=31%2F12%2F2025&VAL_NM_RQ=R01235
2025-11-19,81.0547,https://www.cbr.ru/scripts/XML_dynamic.asp?date_req1=01%2F01%2F2024&date_req2=31%2F12%2F2025&VAL_NM_RQ=R01235
2025-11-20,80.9448,https://www.cbr.ru/scripts/XML_dynamic.asp?date_req1=01%2F01%2F2024&date_req2=31%2F12%2F2025&VAL_NM_RQ=R01235
2025-11-21,80.7321,https://www.cbr.ru/scripts/XML_dynamic.asp?date_req1=01%2F01%2F2024&date_req2=31%2F12%2F2025&VAL_NM_RQ=R01235
2025-11-22,79.0246,https://www.cbr.ru/scripts/XML_dynamic.asp?date_req1=01%2F01%2F2024&date_req2=31%2F12%2F2025&VAL_NM_RQ=R01235
2025-11-25,78.9202,https://www.cbr.ru/scripts/XML_dynamic.asp?date_req1=01%2F01%2F2024&date_req2=31%2F12%2F2025&VAL_NM_RQ=R01235
2025-11-26,78.9615,https://www.cbr.ru/scripts/XML_dynamic.asp?date_req1=01%2F01%2F2024&date_req2=31%2F12%2F2025&VAL_NM_RQ=R01235
2025-11-27,78.5941,https://www.cbr.ru/scripts/XML_dynamic.asp?date_req1=01%2F01%2F2024&date_req2=31%2F12%2F2025&VAL_NM_RQ=R01235
2025-11-28,78.2503,https://www.cbr.ru/scripts/XML_dynamic.asp?date_req1=01%2F01%2F2024&date_req2=31%2F12%2F2025&VAL_NM_RQ=R01235
2025-11-29,78.2284,https://www.cbr.ru/scripts/XML_dynamic.asp?date_req1=01%2F01%2F2024&date_req2=31%2F12%2F2025&VAL_NM_RQ=R01235
2025-12-02,77.7027,https://www.cbr.ru/scripts/XML_dynamic.asp?date_req1=01%2F01%2F2024&date_req2=31%2F12%2F2025&VAL_NM_RQ=R01235
2025-12-03,77.4631,https://www.cbr.ru/scripts/XML_dynamic.asp?date_req1=01%2F01%2F2024&date_req2=31%2F12%2F2025&VAL_NM_RQ=R01235
2025-12-04,77.9556,https://www.cbr.ru/scripts/XML_dynamic.asp?date_req1=01%2F01%2F2024&date_req2=31%2F12%2F2025&VAL_NM_RQ=R01235
2025-12-05,76.9708,https://www.cbr.ru/scripts/XML_dynamic.asp?date_req1=01%2F01%2F2024&date_req2=31%2F12%2F2025&VAL_NM_RQ=R01235
2025-12-06,76.0937,https://www.cbr.ru/scripts/XML_dynamic.asp?date_req1=01%2F01%2F2024&date_req2=31%2F12%2F2025&VAL_NM_RQ=R01235
2025-12-09,77.2733,https://www.cbr.ru/scripts/XML_dynamic.asp?date_req1=01%2F01%2F2024&date_req2=31%2F12%2F2025&VAL_NM_RQ=R01235
2025-12-10,76.8084,https://www.cbr.ru/scripts/XML_dynamic.asp?date_req1=01%2F01%2F2024&date_req2=31%2F12%2F2025&VAL_NM_RQ=R01235
2025-12-11,77.8998,https://www.cbr.ru/scripts/XML_dynamic.asp?date_req1=01%2F01%2F2024&date_req2=31%2F12%2F2025&VAL_NM_RQ=R01235
2025-12-12,79.3398,https://www.cbr.ru/scripts/XML_dynamic.asp?date_req1=01%2F01%2F2024&date_req2=31%2F12%2F2025&VAL_NM_RQ=R01235
2025-12-13,79.7296,https://www.cbr.ru/scripts/XML_dynamic.asp?date_req1=01%2F01%2F2024&date_req2=31%2F12%2F2025&VAL_NM_RQ=R01235
2025-12-16,79.4495,https://www.cbr.ru/scripts/XML_dynamic.asp?date_req1=01%2F01%2F2024&date_req2=31%2F12%2F2025&VAL_NM_RQ=R01235
2025-12-17,79.4302,https://www.cbr.ru/scripts/XML_dynamic.asp?date_req1=01%2F01%2F2024&date_req2=31%2F12%2F2025&VAL_NM_RQ=R01235
2025-12-18,80.3807,https://www.cbr.ru/scripts/XML_dynamic.asp?date_req1=01%2F01%2F2024&date_req2=31%2F12%2F2025&VAL_NM_RQ=R01235
2025-12-19,80.0301,https://www.cbr.ru/scripts/XML_dynamic.asp?date_req1=01%2F01%2F2024&date_req2=31%2F12%2F2025&VAL_NM_RQ=R01235
2025-12-20,80.722,https://www.cbr.ru/scripts/XML_dynamic.asp?date_req1=01%2F01%2F2024&date_req2=31%2F12%2F2025&VAL_NM_RQ=R01235
2025-12-23,79.3146,https://www.cbr.ru/scripts/XML_dynamic.asp?date_req1=01%2F01%2F2024&date_req2=31%2F12%2F2025&VAL_NM_RQ=R01235
2025-12-24,78.585,https://www.cbr.ru/scripts/XML_dynamic.asp?date_req1=01%2F01%2F2024&date_req2=31%2F12%2F2025&VAL_NM_RQ=R01235
2025-12-25,78.4368,https://www.cbr.ru/scripts/XML_dynamic.asp?date_req1=01%2F01%2F2024&date_req2=31%2F12%2F2025&VAL_NM_RQ=R01235
2025-12-26,77.8844,https://www.cbr.ru/scripts/XML_dynamic.asp?date_req1=01%2F01%2F2024&date_req2=31%2F12%2F2025&VAL_NM_RQ=R01235
2025-12-27,77.6923,https://www.cbr.ru/scripts/XML_dynamic.asp?date_req1=01%2F01%2F2024&date_req2=31%2F12%2F2025&VAL_NM_RQ=R01235
2025-12-30,77.4466,https://www.cbr.ru/scripts/XML_dynamic.asp?date_req1=01%2F01%2F2024&date_req2=31%2F12%2F2025&VAL_NM_RQ=R01235
2025-12-31,78.2267,https://www.cbr.ru/scripts/XML_dynamic.asp?date_req1=01%2F01%2F2024&date_req2=31%2F12%2F2025&VAL_NM_RQ=R01235
